Species,Long,Lat
Mikania_invasive,97.931692,24.708372
Mikania_invasive,113.300699,23.102953
Mikania_invasive,109.910318,19.584144
Mikania_invasive,108.339986,21.605939
Mikania_invasive,113.550113,22.344587
Mikania_invasive,113.95883,22.652705
Mikania_invasive,113.825937,22.895345
Mikania_invasive,114.14334,22.27406
Mikania_invasive,114.108537,22.400132
Mikania_invasive,120.491346,22.653888
Mikania_invasive,120.80546,24.555097
Mikania_invasive,114.193333,22.390722
Mikania_invasive,114.26,22.324056
Mikania_invasive,113.563834,22.118473
Mikania_invasive,113.550634,22.205189
Mikania_invasive,120.974197,23.970597
Mikania_invasive,120.449156,23.4869
Mikania_invasive,121.258508,24.825157
Mikania_invasive,76.606599,10.299041
Mikania_invasive,75.968448,11.381145
Mikania_invasive,76.229739,10.061011
Mikania_invasive,76.345559,9.671992
Mikania_invasive,76.686518,12.416371
Mikania_invasive,88.626133,26.796513
Mikania_invasive,88.594684,27.122592
Mikania_invasive,91.729988,25.281576
Mikania_invasive,91.005112,26.635149
Mikania_invasive,94.201103,26.716911
Mikania_invasive,94.155991,26.937468
Mikania_invasive,88.487767,22.679404
Mikania_invasive,89.53248,22.778826
Mikania_invasive,168.299875,-17.697361
Mikania_invasive,79.79077,7.576462
Mikania_invasive,103.838547,2.433444
Mikania_invasive,103.139353,3.917345
Mikania_invasive,110.342159,1.575485
Mikania_invasive,118.631686,4.245613
Mikania_invasive,115.214883,-8.658331
Mikania_invasive,98.667409,3.566492
Mikania_invasive,106.805259,-6.597047
Mikania_invasive,124.805733,10.679054
Mikania_invasive,103.863725,1.359717
Mikania_invasive,100.46933,7.002332
