Species,Long,Lat
Mikania_native,-58.01,-34.99
Mikania_native,-61.07,-32.13
Mikania_native,-52.485556,-30.324722
Mikania_native,-50.663268,-30.288274
Mikania_native,-51.015556,-30.276667
Mikania_native,-51.3925,-30.179722
Mikania_native,-50.409131,-30.156306
Mikania_native,-51.328056,-30.101167
Mikania_native,-51.021389,-30.071389
Mikania_native,-51.178068,-30.051692
Mikania_native,-51.275054,-29.952195
Mikania_native,-51.76,-29.905278
Mikania_native,-51.183333,-29.8
Mikania_native,-50.009444,-29.745833
Mikania_native,-50.174444,-29.480833
Mikania_native,-50.58401387,-29.45222668
Mikania_native,-51.306111,-29.450833
Mikania_native,-49.837778,-29.382778
Mikania_native,-50.868333,-29.379583
Mikania_native,-51.338611,-29.276126
Mikania_native,-50.022778,-29.178889
Mikania_native,-51.151389,-29.171667
Mikania_native,-51.094927,-29.108528
Mikania_native,-59.0448,-28.5077
Mikania_native,-58.93,-28.46
Mikania_native,-50.804747,-28.319453
Mikania_native,-56.23,-28.21
Mikania_native,-49.41,-28.17
Mikania_native,-48.870278,-28.169444
Mikania_native,-65.903458,-28.076778
Mikania_native,-55.198889,-28.044722
Mikania_native,-49.375,-28.01
Mikania_native,-58.18,-27.99
Mikania_native,-50.305833,-27.791944
Mikania_native,-55.16,-27.77
Mikania_native,-56.73,-27.72
Mikania_native,-59.13,-27.7
Mikania_native,-48.543056,-27.683611
Mikania_native,-51.450667,-27.671111
Mikania_native,-58.75,-27.66
Mikania_native,-55.39,-27.6
Mikania_native,-49.5,-27.54
Mikania_native,-48.96,-27.54
Mikania_native,-49.68,-27.539444
Mikania_native,-49.05,-27.450556
Mikania_native,-55.59,-27.44
Mikania_native,-51.224722,-27.401667
Mikania_native,-57.16277,-27.38444
Mikania_native,-51.3,-27.36
Mikania_native,-49.501667,-27.36
Mikania_native,-51.607222,-27.345556
Mikania_native,-58.93,-27.32
Mikania_native,-48.559167,-27.314722
Mikania_native,-55.58333,-27.28333
Mikania_native,-49.23,-27.27
Mikania_native,-58.97,-27.19
Mikania_native,-53.28,-27.18
Mikania_native,-52.74,-27.18
Mikania_native,-51.84,-27.18
Mikania_native,-50.04,-27.18
Mikania_native,-52.019722,-27.179722
Mikania_native,-53.88333,-27.13333
Mikania_native,-53.78,-27.12
Mikania_native,-54.81,-27.11
Mikania_native,-54.93,-27.08
Mikania_native,-52.756944,-27.06
Mikania_native,-53.46,-27
Mikania_native,-53.28,-27
Mikania_native,-53.1,-27
Mikania_native,-52.56,-27
Mikania_native,-52.02,-27
Mikania_native,-51.84,-27
Mikania_native,-51.66,-27
Mikania_native,-51.48,-27
Mikania_native,-50.94,-27
Mikania_native,-49.41,-27
Mikania_native,-49.589444,-26.998055
Mikania_native,-49.05,-26.93333
Mikania_native,-65.676139,-26.929667
Mikania_native,-56.95,-26.92
Mikania_native,-48.908333,-26.912222
Mikania_native,-49.863056,-26.909722
Mikania_native,-57.15,-26.9
Mikania_native,-54.426111,-26.882778
Mikania_native,-51.255,-26.865
Mikania_native,-54.22,-26.85
Mikania_native,-52.74,-26.82
Mikania_native,-51.84,-26.82
Mikania_native,-55.17,-26.67
Mikania_native,-53.96,-26.64
Mikania_native,-52.92,-26.64
Mikania_native,-52.74,-26.64
Mikania_native,-52.56,-26.64
Mikania_native,-52.38,-26.64
Mikania_native,-52.02,-26.64
Mikania_native,-51.754444,-26.581389
Mikania_native,-53.98,-26.52
Mikania_native,-52.564167,-26.460556
Mikania_native,-58.57,-26.46
Mikania_native,-52.92,-26.46
Mikania_native,-52.38,-26.46
Mikania_native,-54.4975,-26.415
Mikania_native,-53.86666,-26.33333
Mikania_native,-60.48,-26.31
Mikania_native,-49.500278,-26.280278
Mikania_native,-49.263889,-26.270556
Mikania_native,-53.6403059,-26.25887075
Mikania_native,-48.662778,-26.215278
Mikania_native,-58.95,-26.18333
Mikania_native,-55.33333,-26.16666
Mikania_native,-55.46667,-26.15
Mikania_native,-56.883333,-26.116667
Mikania_native,-50.838194,-26.087806
Mikania_native,-56.833333,-26.05
Mikania_native,-54.62,-26.05
Mikania_native,-56.98333,-26
Mikania_native,-51.858861,-25.924806
Mikania_native,-56.33333,-25.91666
Mikania_native,-56.25,-25.91666
Mikania_native,-57.15,-25.9
Mikania_native,-50.432167,-25.8955
Mikania_native,-48.966667,-25.868889
Mikania_native,-56.28333,-25.83333
Mikania_native,-52.0905,-25.7665
Mikania_native,-54.53,-25.73
Mikania_native,-56.23333,-25.71667
Mikania_native,-54.435917,-25.686639
Mikania_native,-54.58,-25.67
Mikania_native,-57.51666,-25.66666
Mikania_native,-57.43333,-25.66666
Mikania_native,-56.5,-25.66666
Mikania_native,-49.201944,-25.644444
Mikania_native,-57.61666,-25.63333
Mikania_native,-54.813889,-25.630278
Mikania_native,-49.333611,-25.628361
Mikania_native,-57.2,-25.6
Mikania_native,-49.4103,-25.5931
Mikania_native,-54.6,-25.57
Mikania_native,-55.91667,-25.56667
Mikania_native,-56.71667,-25.53333
Mikania_native,-56.93333,-25.51667
Mikania_native,-49.183333,-25.516667
Mikania_native,-57.5,-25.5
Mikania_native,-48.982167,-25.496722
Mikania_native,-49.323056,-25.474583
Mikania_native,-57.1,-25.45
Mikania_native,-56.01667,-25.45
Mikania_native,-49.2404,-25.4481
Mikania_native,-64.63,-25.44
Mikania_native,-57.16666,-25.41666
Mikania_native,-58.76666,-25.4
Mikania_native,-49.120722,-25.384028
Mikania_native,-57.253889,-25.381389
Mikania_native,-57.33333,-25.35
Mikania_native,-57.65,-25.3
Mikania_native,-57.11667,-25.3
Mikania_native,-48.683,-25.288
Mikania_native,-50.0035,-25.2591
Mikania_native,-57.4,-25.25
Mikania_native,-56.66666,-25.25
Mikania_native,-49.32,-25.1808
Mikania_native,-58.17,-25.17
Mikania_native,-48,-25.166667
Mikania_native,-57.21666,-25.16666
Mikania_native,-65.59,-25.11
Mikania_native,-53.753694,-25.108444
Mikania_native,-48.141944,-25.0775
Mikania_native,-51.588667,-25.067194
Mikania_native,-54.65,-25.03333
Mikania_native,-48.064444,-25.0025
Mikania_native,-57,-25
Mikania_native,-56.07,-24.97
Mikania_native,-51.638889,-24.924167
Mikania_native,-58.18527,-24.92361
Mikania_native,-65.724444,-24.837222
Mikania_native,-63.83,-24.81
Mikania_native,-52.124278,-24.759639
Mikania_native,-52.233417,-24.748389
Mikania_native,-47.8811,-24.7151
Mikania_native,-51.773033,-24.6948
Mikania_native,-50.488585,-24.686032
Mikania_native,-65.476667,-24.681667
Mikania_native,-53.435556,-24.654444
Mikania_native,-48.0738,-24.5931
Mikania_native,-48.635,-24.578056
Mikania_native,-53.19475,-24.533528
Mikania_native,-52.437472,-24.533
Mikania_native,-58.666667,-24.516667
Mikania_native,-47.5306,-24.363
Mikania_native,-60.28333,-24.33333
Mikania_native,-53.11411,-24.32007
Mikania_native,-64.84,-24.3
Mikania_native,-47.944167,-24.281111
Mikania_native,-48.21,-24.28
Mikania_native,-48.415556,-24.269167
Mikania_native,-64.42,-24.26
Mikania_native,-66.92,-24.25
Mikania_native,-47.599166,-24.249444
Mikania_native,-65.11,-24.24
Mikania_native,-46.9222,-24.230861
Mikania_native,-50.414139,-24.219556
Mikania_native,-52.310111,-24.206444
Mikania_native,-65.46,-24.18
Mikania_native,-65.3,-24.18
Mikania_native,-47.55991,-24.16529
Mikania_native,-48.2509,-24.1639
Mikania_native,-50.309083,-24.1455
Mikania_native,-49.36666,-24.13333
Mikania_native,-55.52805,-24.13305
Mikania_native,-52.18364,-24.12232
Mikania_native,-49.46390414,-24.11696292
Mikania_native,-47.75,-24.116667
Mikania_native,-65.41,-24.11
Mikania_native,-47.50966,-24.10213
Mikania_native,-47.45,-24.07
Mikania_native,-53.030722,-24.068778
Mikania_native,-47.376608,-24.039016
Mikania_native,-64.42,-24.03
Mikania_native,-48,-24
Mikania_native,-47,-24
Mikania_native,-65.8,-23.92
Mikania_native,-46.774444,-23.9
Mikania_native,-64.52,-23.75
Mikania_native,-48,-23.566667
Mikania_native,-46.4628,-23.54
Mikania_native,-48.75,-23.515556
Mikania_native,-46.766028,-23.473611
Mikania_native,-51.271894,-23.455028
Mikania_native,-45.4601,-23.4354
Mikania_native,-57.46667,-23.41667
Mikania_native,-45.106806,-23.413664
Mikania_native,-46.541944,-23.413056
Mikania_native,-48.35,-23.412222
Mikania_native,-45.75,-23.35
Mikania_native,-51.222811,-23.343014
Mikania_native,-52.58925,-23.322889
Mikania_native,-48.4577,-23.3056
Mikania_native,-46.933333,-23.266667
Mikania_native,-58.391024,-23.236211
Mikania_native,-43.3469,-23.0036
Mikania_native,-47.0608,-22.9056
Mikania_native,-48.440278,-22.880556
Mikania_native,-53.492222,-22.856944
Mikania_native,-43.187736,-22.797394
Mikania_native,-57.42527,-22.79722
Mikania_native,-53.255556,-22.791111
Mikania_native,-48.416667,-22.75
Mikania_native,-42.85934433,-22.74825761
Mikania_native,-64.38,-22.72
Mikania_native,-56.05,-22.67
Mikania_native,-43.04075674,-22.65695596
Mikania_native,-48.715,-22.593889
Mikania_native,-43.18,-22.55
Mikania_native,-42.25,-22.5
Mikania_native,-47.06,-22.48
Mikania_native,-64.483333,-22.366667
Mikania_native,-47.499444,-22.355194
Mikania_native,-47.142,-22.242
Mikania_native,-64.62555,-22.18583
Mikania_native,-64.2915,-22.1716
Mikania_native,-56.51638,-22.16916
Mikania_native,-47.7,-22.11
Mikania_native,-64.8414,-22.0294
Mikania_native,-52.224722,-21.928611
Mikania_native,-48.783333,-21.916667
Mikania_native,-52.115278,-21.763333
Mikania_native,-64.2153,-21.7028
Mikania_native,-47.566667,-21.683333
Mikania_native,-56.75,-21.679722
Mikania_native,-64.5006,-21.6731
Mikania_native,-43.2656,-21.5878
Mikania_native,-64.716667,-21.549999
Mikania_native,-56.433611,-21.3
Mikania_native,-56.55,-21.266111
Mikania_native,-56.44,-21.163
Mikania_native,-47.049063,-21.078746
Mikania_native,-57.88333,-21.05
Mikania_native,-49.377222,-21.042778
Mikania_native,-51.631528,-20.87875
Mikania_native,-43.816944,-20.878056
Mikania_native,-42.860644,-20.766686
Mikania_native,-42.35,-20.766667
Mikania_native,-42.016667,-20.716667
Mikania_native,-41.100556,-20.519167
Mikania_native,-41.829722,-20.480833
Mikania_native,-55.683333,-20.355556
Mikania_native,-58.05,-20.102222
Mikania_native,-56.763889,-20.079444
Mikania_native,-40.697222,-20.043333
Mikania_native,-40.609514,-19.990989
Mikania_native,-40.530278,-19.971389
Mikania_native,-56.937778,-19.619444
Mikania_native,-56.341944,-19.597778
Mikania_native,-57,-19.585
Mikania_native,-49.48698676,-19.53958881
Mikania_native,-56.671111,-19.499166
Mikania_native,-56.953333,-19.461111
Mikania_native,-57.107472,-19.254278
Mikania_native,-57.566667,-19.133333
Mikania_native,-57.7875,-19.108611
Mikania_native,-57.65,-19.016667
Mikania_native,-56.65,-18.983333
Mikania_native,-57.780556,-18.972778
Mikania_native,-63.956944,-18.862778
Mikania_native,-56.783333,-18.816667
Mikania_native,-52.852222,-18.665833
Mikania_native,-57.516667,-18.629722
Mikania_native,-57.566667,-18.566667
Mikania_native,-57.340278,-18.492222
Mikania_native,-57.447222,-18.454167
Mikania_native,-44.45664731,-18.38457882
Mikania_native,-57.453889,-18.231111
Mikania_native,-57.37,-18.166111
Mikania_native,-43.615,-18.145
Mikania_native,-63.95,-18.10833
Mikania_native,-64.325,-18.106944
Mikania_native,-65.30027,-17.92472
Mikania_native,-57.85,-17.868333
Mikania_native,-57.519167,-17.868333
Mikania_native,-64.68944,-17.82388
Mikania_native,-39.779722,-17.820556
Mikania_native,-63.2,-17.74166
Mikania_native,-64.68194,-17.68138
Mikania_native,-63.73333,-17.56666
Mikania_native,-48.483333,-17.55
Mikania_native,-57.33337,-17.50309
Mikania_native,-64.69388,-17.07277
Mikania_native,-39.5908,-16.9889
Mikania_native,-67.18333,-16.93333
Mikania_native,-63.26666,-16.93333
Mikania_native,-56.833333,-16.833333
Mikania_native,-64.50722,-16.66555
Mikania_native,-62.5,-16.63333
Mikania_native,-67.45,-16.616667
Mikania_native,-56.633333,-16.416667
Mikania_native,-40.05,-16.4
Mikania_native,-58.303889,-16.358333
Mikania_native,-62.35,-16.28333
Mikania_native,-67.73722,-16.26777
Mikania_native,-56.626944,-16.259722
Mikania_native,-62.08333,-16.2
Mikania_native,-56.916667,-16.166667
Mikania_native,-50.1333,-16.0869
Mikania_native,-68.05,-16.083333
Mikania_native,-51.851389,-15.869722
Mikania_native,-48,-15.866666
Mikania_native,-47.92987267,-15.78342081
Mikania_native,-62.916667,-15.783333
Mikania_native,-68.01,-15.75
Mikania_native,-47.708,-15.633
Mikania_native,-67.5,-15.5
Mikania_native,-67.33,-15.5
Mikania_native,-39.565278,-15.391667
Mikania_native,-39.499363,-15.304935
Mikania_native,-39.258889,-15.238611
Mikania_native,-45.646111,-15.231389
Mikania_native,-57.681389,-15.228611
Mikania_native,-68.463056,-15.044444
Mikania_native,-39.7,-14.933333
Mikania_native,-64.95,-14.883333
Mikania_native,-39.65,-14.85
Mikania_native,-40.838056,-14.841667
Mikania_native,-66.5,-14.83333
Mikania_native,-69.02111,-14.78666
Mikania_native,-56.35,-14.733333
Mikania_native,-61.15833,-14.67111
Mikania_native,-67.79444,-14.6475
Mikania_native,-56,-14.616667
Mikania_native,-49.51,-14.568
Mikania_native,-60.7431,-14.5153
Mikania_native,-67.5,-14.5
Mikania_native,-66.62,-14.5
Mikania_native,-67.906667,-14.416944
Mikania_native,-56,-14.37
Mikania_native,-68.55027,-14.35166
Mikania_native,-56.7,-14.3
Mikania_native,-48.58333,-14.26667
Mikania_native,-56.42,-14.18
Mikania_native,-49.296111,-14.168056
Mikania_native,-67.98333,-13.98333
Mikania_native,-47.3,-13.866667
Mikania_native,-60.90444,-13.595
Mikania_native,-41.95,-13.55
Mikania_native,-45.5,-13.533333
Mikania_native,-48.18,-13.52
Mikania_native,-48.217777,-13.167222
Mikania_native,-55.25,-13.166667
Mikania_native,-53.256389,-13.166667
Mikania_native,-53.1523,-13.1013
Mikania_native,-54.422661,-13.085917
Mikania_native,-72.733333,-12.883333
Mikania_native,-69.33,-12.83
Mikania_native,-39.006722,-12.606722
Mikania_native,-70.1,-12.57
Mikania_native,-39.083333,-12.533333
Mikania_native,-39.05,-12.32
Mikania_native,-69.03333,-12.3
Mikania_native,-69.283333,-12.25
Mikania_native,-61.02,-12.216667
Mikania_native,-41.99722,-12.18306
Mikania_native,-69.05,-12.083333
Mikania_native,-70.25,-12
Mikania_native,-76.678,-11.9
Mikania_native,-71.37,-11.8733
Mikania_native,-72.9411,-11.87
Mikania_native,-55.705278,-11.667778
Mikania_native,-76.66666,-11.66666
Mikania_native,-55.523333,-11.414722
Mikania_native,-59.083333,-11.3
Mikania_native,-75.53,-11.2083
Mikania_native,-59.05,-11.18
Mikania_native,-40.533333,-11.166667
Mikania_native,-66.183333,-11.066667
Mikania_native,-58.733333,-10.95
Mikania_native,-74.38333,-10.75
Mikania_native,-75.31527,-10.67666
Mikania_native,-63.583333,-10.583333
Mikania_native,-58.44,-10.57
Mikania_native,-40.301944,-10.540556
Mikania_native,-75.36666,-10.53333
Mikania_native,-75.056944,-10.447222
Mikania_native,-75.437778,-10.443056
Mikania_native,-48.190556,-10.304722
Mikania_native,-50.119167,-9.965833
Mikania_native,-55.6,-9.85
Mikania_native,-76.06666,-9.63333
Mikania_native,-55.36,-9.51
Mikania_native,-55.704722,-9.470278
Mikania_native,-75.25,-9.33333
Mikania_native,-55.4215,-9.2812
Mikania_native,-64.408483,-9.232415
Mikania_native,-56.948792,-9.229711
Mikania_native,-74.37556,-9.16389
Mikania_native,-76.15,-9.083333
Mikania_native,-35.84,-8.804444
Mikania_native,-75.03333,-8.75
Mikania_native,-73.2,-8.7
Mikania_native,-74.75,-8.66666
Mikania_native,-74.996667,-8.654167
Mikania_native,-48.6008,-8.5006
Mikania_native,-70.4803,-8.37361
Mikania_native,-72.74585282,-8.272076234
Mikania_native,-72.8297,-8.1342
Mikania_native,-34.950278,-8.012778
Mikania_native,-57.08,-8
Mikania_native,-76.67,-7.72
Mikania_native,-72.13,-7.55
Mikania_native,-63.166667,-7.516667
Mikania_native,-73.56777,-7.46861
Mikania_native,-45.07,-7.35
Mikania_native,-75.08,-7.33
Mikania_native,-72.55,-7.133333
Mikania_native,-76.8333,-7
Mikania_native,-35.49,-6.8547
Mikania_native,-48.428611,-6.230556
Mikania_native,-75.83333,-6.03333
Mikania_native,-76.216667,-6
Mikania_native,-76.6,-5.83333
Mikania_native,-77.63333,-5.75
Mikania_native,-78.38333,-5.61111
Mikania_native,-78.33444,-5.49166
Mikania_native,-78.76666,-5.35
Mikania_native,-78.58333,-5.33333
Mikania_native,-78.71666,-5.26666
Mikania_native,-79.03333,-5.18333
Mikania_native,-78.33805,-5.05666
Mikania_native,-74.5,-5.03333
Mikania_native,-78.9025,-5.01194
Mikania_native,-45,-5
Mikania_native,-78.32,-4.92
Mikania_native,-77.5,-4.666667
Mikania_native,-78.5,-4.5
Mikania_native,-78.175,-4.49166
Mikania_native,-77.333333,-4.333333
Mikania_native,-79.2,-4.31
Mikania_native,-78.67,-4.3
Mikania_native,-69.966667,-4.166667
Mikania_native,-73.33333,-4.16666
Mikania_native,-45.65,-3.97
Mikania_native,-78.778611,-3.891389
Mikania_native,-49.635329,-3.875392
Mikania_native,-77.66666,-3.83333
Mikania_native,-39.337861,-3.819111
Mikania_native,-73.265556,-3.690833
Mikania_native,-78.431389,-3.519444
Mikania_native,-72.75,-3.45
Mikania_native,-72.666667,-3.333333
Mikania_native,-75.833333,-3.25
Mikania_native,-72.9,-3.25
Mikania_native,-78.5,-3.17
Mikania_native,-76.42,-2.92
Mikania_native,-73.018667,-2.885028
Mikania_native,-48.239353,-2.672933
Mikania_native,-44.27,-2.52
Mikania_native,-76.875,-2.508
Mikania_native,-54.740486,-2.449614
Mikania_native,-77.5,-2.38333
Mikania_native,-76.333333,-2.333333
Mikania_native,-78.98583,-2.32027
Mikania_native,-58.726988,-2.306591
Mikania_native,-55.516877,-1.904701
Mikania_native,-77.95,-1.85
Mikania_native,-75.96666,-1.63333
Mikania_native,-77.75,-1.58333
Mikania_native,-72.71,-1.53
Mikania_native,-72.8,-1.43
Mikania_native,-48.45,-1.42
Mikania_native,-78.25,-1.4
Mikania_native,-78.9333,-1.3666
Mikania_native,-48.3828,-1.1458
Mikania_native,-78.33333,-1.11666
Mikania_native,-71.4,-1.09
Mikania_native,-77.71194,-1.05138
Mikania_native,-77.53,-1.05
Mikania_native,-75.46666,-1
Mikania_native,-52.92,-0.92
Mikania_native,-79.15916,-0.86888
Mikania_native,-76.86666,-0.83333
Mikania_native,-75.5,-0.83333
Mikania_native,-78.75,-0.81666
Mikania_native,-77.8,-0.73333
Mikania_native,-77.6,-0.71666
Mikania_native,-75.28333,-0.65
Mikania_native,-72.08,-0.65
Mikania_native,-79.3,-0.61666
Mikania_native,-77.38333,-0.6
Mikania_native,-72.36,-0.6
Mikania_native,-47.3053,-0.5989
Mikania_native,-76.36666,-0.53333
Mikania_native,-76.95,-0.45
Mikania_native,-78.5,-0.42
Mikania_native,-77.5,-0.42
Mikania_native,-78.9833,-0.31667
Mikania_native,-79.12,-0.27
Mikania_native,-78.833333,-0.25
Mikania_native,-77.75,-0.25
Mikania_native,-70.5,-0.25
Mikania_native,-55.14243,-0.229505
Mikania_native,-77.908,-0.217
Mikania_native,-75.97,-0.17
Mikania_native,-78.6667,-0.1667
Mikania_native,-75.88333,-0.16666
Mikania_native,-78.25,-0.1333
Mikania_native,-75.25,-0.116667
Mikania_native,-78.5,-0.05
Mikania_native,-77.6,-0.016667
Mikania_native,-78.673333,0.005
Mikania_native,-78.35,0.03333
Mikania_native,-76.97,0.07
Mikania_native,-75.87,0.08
Mikania_native,-79.03333,0.08333
Mikania_native,-76.60315,0.67628
Mikania_native,-78.87,0.8
Mikania_native,-78.5,0.81666
Mikania_native,-78.1,0.91666
Mikania_native,-78.58333,0.96666
Mikania_native,-78.26666,0.96666
Mikania_native,-70.4232,1.00642
Mikania_native,-78.833333,1.05
Mikania_native,-76.43,1.06
Mikania_native,-77.97539,1.13688
Mikania_native,-76.65126,1.14779
Mikania_native,-51.866667,1.15
Mikania_native,-77.26666,1.16666
Mikania_native,-77.456718,1.184883
Mikania_native,-78.128,1.23711
Mikania_native,-70.24,1.25
Mikania_native,-74.59,1.31
Mikania_native,-78.15362,1.35415
Mikania_native,-78.358944,1.414611
Mikania_native,-78.17,1.5
Mikania_native,-75.6,1.6
Mikania_native,-78.18733,1.76854
Mikania_native,-75.730833,1.953611
Mikania_native,-56.03,2.1
Mikania_native,-52.85,2.28
Mikania_native,-78.26939,2.29295
Mikania_native,-76.960966,2.663051
Mikania_native,-54,2.88
Mikania_native,-56.45083,3.00083
Mikania_native,-52.35,3.16
Mikania_native,-74.361667,3.201667
Mikania_native,-54.06,3.28
Mikania_native,-76.533333,3.383333
Mikania_native,-59.76,3.43
Mikania_native,-76.171944,3.577778
Mikania_native,-54.03,3.63
Mikania_native,-76.33794,3.66136
Mikania_native,-76.833336,3.666667
Mikania_native,-76.726667,3.786667
Mikania_native,-73.902814,3.794756
Mikania_native,-51.86,3.8
Mikania_native,-51.8,3.9
Mikania_native,-76.331547,3.987881
Mikania_native,-73.83,4.0167
Mikania_native,-73.01577,4.02421
Mikania_native,-72.8683,4.10743
Mikania_native,-74.465,4.150278
Mikania_native,-51.66,4.2
Mikania_native,-52.30659,4.29625
Mikania_native,-52.46,4.3
Mikania_native,-61.73333,4.31666
Mikania_native,-67.816667,4.333333
Mikania_native,-52.08,4.43
Mikania_native,-74.32485,4.43393
Mikania_native,-75.64483,4.45986
Mikania_native,-75.818274,4.522209
Mikania_native,-52.15,4.55
Mikania_native,-74.322627,4.602676
Mikania_native,-52.21709,4.65819
Mikania_native,-54.4,4.66
Mikania_native,-75.779342,4.692361
Mikania_native,-54.6,4.81
Mikania_native,-76.18031,4.82408
Mikania_native,-53.05,4.88
Mikania_native,-75.184564,4.887811
Mikania_native,-54.3,4.9
Mikania_native,-74.423989,4.915936
Mikania_native,-52.32,4.92
Mikania_native,-55.181667,4.947667
Mikania_native,-52.43,4.97
Mikania_native,-75.597435,4.988008
Mikania_native,-74.472778,5.01
Mikania_native,-52.66865,5.01898
Mikania_native,-75.390831,5.029167
Mikania_native,-74.326919,5.030459
Mikania_native,-75.529211,5.0738
Mikania_native,-59.840583,5.081417
Mikania_native,-59.9867,5.085
Mikania_native,-55.333333,5.133333
Mikania_native,-59.48,5.16
Mikania_native,-55.7,5.25
Mikania_native,-52.8,5.25
Mikania_native,-53.05,5.28
Mikania_native,-76.284302,5.336622
Mikania_native,-53.66,5.38
Mikania_native,-60.5833,5.45
Mikania_native,-55.18,5.45
Mikania_native,-65.5,5.466667
Mikania_native,-67.58,5.5
Mikania_native,-76.650556,5.516389
Mikania_native,-54.01,5.53
Mikania_native,-75.75,5.583333
Mikania_native,-53.71,5.63
Mikania_native,-75.851565,5.640454
Mikania_native,-76.648127,5.683436
Mikania_native,-76.44492,5.753635
Mikania_native,-55.154667,5.820833
Mikania_native,-76.26666,5.83333
Mikania_native,-75.711828,5.938086
Mikania_native,-59.9,5.95
Mikania_native,-76.350505,5.96746
Mikania_native,-74.9376,5.99815
Mikania_native,-75.145907,6.016988
Mikania_native,-57.3,6.05
Mikania_native,-75.793889,6.067778
Mikania_native,-73.180737,6.103296
Mikania_native,-68.175722,6.203667
Mikania_native,-76.726584,6.220852
Mikania_native,-75.166667,6.25
Mikania_native,-58.68,6.38
Mikania_native,-75.038889,6.391944
Mikania_native,-58.21,6.45
Mikania_native,-58.01,6.53
Mikania_native,-57.8333,6.58333
Mikania_native,-58.13,6.6
Mikania_native,-76.203483,6.6256
Mikania_native,-57.9167,6.63333
Mikania_native,-76.43333,6.66666
Mikania_native,-58.183333,6.666667
Mikania_native,-76.4,6.75
Mikania_native,-76.3209,6.7548
Mikania_native,-58.05,6.8
Mikania_native,-73.116603,6.900011
Mikania_native,-66.5,6.916667
Mikania_native,-73.924483,6.955008
Mikania_native,-75.502556,7.04625
Mikania_native,-73.06095,7.12502
Mikania_native,-58.71,7.25
Mikania_native,-73.736167,7.357783
Mikania_native,-59.7,7.366667
Mikania_native,-80.441389,7.405833
Mikania_native,-76.5513,7.42846
Mikania_native,-75.31278,7.444985
Mikania_native,-80.61194,7.45166
Mikania_native,-76.843375,7.459133
Mikania_native,-81.83694,7.52083
Mikania_native,-75.2787,7.533302
Mikania_native,-74.76918,7.55107
Mikania_native,-59.1478,7.55944
Mikania_native,-72.22,7.6
Mikania_native,-58.95,7.6
Mikania_native,-76.967289,7.653093
Mikania_native,-76.7,7.666667
Mikania_native,-72.38333,7.68333
Mikania_native,-74.786361,7.697083
Mikania_native,-58.93,7.7
Mikania_native,-80.816667,7.733333
Mikania_native,-80.613056,7.743611
Mikania_native,-60.25,7.75
Mikania_native,-59.08,7.75
Mikania_native,-76.672222,7.779444
Mikania_native,-71.76666,7.78333
Mikania_native,-74.792944,7.813333
Mikania_native,-74.778917,7.913167
Mikania_native,-76.75,7.916667
Mikania_native,-80.708611,7.93
Mikania_native,-75.278,7.97056
Mikania_native,-81.317222,8.006667
Mikania_native,-75.0493,8.008903
Mikania_native,-77.716667,8.016667
Mikania_native,-80.92888,8.04055
Mikania_native,-82.88,8.04166
Mikania_native,-75.17,8.08
Mikania_native,-76.85733,8.081729
Mikania_native,-76.742974,8.09037
Mikania_native,-81.045,8.102778
Mikania_native,-59.81,8.13
Mikania_native,-63.5,8.16666
Mikania_native,-81.25,8.1667
Mikania_native,-82.883333,8.183333
Mikania_native,-59.71,8.2
Mikania_native,-82.95,8.233333
Mikania_native,-73.74335,8.32595
Mikania_native,-80.541667,8.35
Mikania_native,-77.45,8.35
Mikania_native,-59.7553,8.39611
Mikania_native,-62,8.416667
Mikania_native,-76.769222,8.437808
Mikania_native,-83.55,8.45
Mikania_native,-75.045833,8.450278
Mikania_native,-77.263907,8.452087
Mikania_native,-77.61666,8.46666
Mikania_native,-81.07222,8.50833
Mikania_native,-83.40793,8.50859
Mikania_native,-81.15722,8.54083
Mikania_native,-80.116667,8.6
Mikania_native,-83.52,8.61
Mikania_native,-76.56231,8.6123
Mikania_native,-79.06666,8.61666
Mikania_native,-80.59166,8.64166
Mikania_native,-78.116667,8.666667
Mikania_native,-77.4,8.666667
Mikania_native,-82.443333,8.68
Mikania_native,-79.920556,8.689167
Mikania_native,-83.48,8.69
Mikania_native,-76.025402,8.700288
Mikania_native,-83.21,8.7095
Mikania_native,-83.580556,8.719444
Mikania_native,-83.380556,8.75
Mikania_native,-80.48333,8.75
Mikania_native,-82.95999,8.78191
Mikania_native,-79.55,8.78333
Mikania_native,-67.4,8.78333
Mikania_native,-82.448333,8.823333
Mikania_native,-77.85,8.85
Mikania_native,-78.25,8.86666
Mikania_native,-70.73333,8.86666
Mikania_native,-80.646389,8.887222
Mikania_native,-79.622778,8.926945
Mikania_native,-78.423611,8.933611
Mikania_native,-80.53333,8.94166
Mikania_native,-77.883333,8.966667
Mikania_native,-79.61444,9.02388
Mikania_native,-75.833336,9.033334
Mikania_native,-79.215,9.05944
Mikania_native,-79.91666,9.08333
Mikania_native,-83.4625,9.106944
Mikania_native,-83.33972,9.11305
Mikania_native,-79.700556,9.119445
Mikania_native,-79.85,9.15
Mikania_native,-82.96,9.16
Mikania_native,-61.13,9.16
Mikania_native,-79.41638,9.16722
Mikania_native,-78.70055,9.1825
Mikania_native,-79.966667,9.2
Mikania_native,-83.75,9.21
Mikania_native,-78.975,9.21444
Mikania_native,-78.033333,9.216667
Mikania_native,-79.53611,9.22916
Mikania_native,-82.333333,9.233333
Mikania_native,-82.4,9.3
Mikania_native,-80.016667,9.302778
Mikania_native,-82.15,9.31666
Mikania_native,-79.65,9.31666
Mikania_native,-78.92,9.32
Mikania_native,-82.24888,9.34
Mikania_native,-79.87222,9.35833
Mikania_native,-83.642778,9.3875
Mikania_native,-82.50333,9.40833
Mikania_native,-69.91527,9.44083
Mikania_native,-79.70833,9.45
Mikania_native,-84.01,9.49
Mikania_native,-72.58333,9.51666
Mikania_native,-82.666667,9.575
Mikania_native,-85.1,9.58
Mikania_native,-72.898611,9.591667
Mikania_native,-84.17,9.6
Mikania_native,-84.39,9.7
Mikania_native,-84.56,9.74
Mikania_native,-83.781944,9.748056
Mikania_native,-84.505944,9.838583
Mikania_native,-84.290278,9.840278
Mikania_native,-85.4,9.86
Mikania_native,-83.80222,9.89222
Mikania_native,-85.64,9.91
Mikania_native,-84.166667,9.933333
Mikania_native,-84.07,9.94
Mikania_native,-85.291667,9.951389
Mikania_native,-83.452778,9.972222
Mikania_native,-83.76,10.02
Mikania_native,-84.56,10.04
Mikania_native,-84.1,10.13
Mikania_native,-83.9375,10.15416
Mikania_native,-85.620556,10.16275
Mikania_native,-84.833334,10.25
Mikania_native,-84.75,10.33
Mikania_native,-85.21,10.35
Mikania_native,-83.4,10.35
Mikania_native,-84.37805,10.36972
Mikania_native,-75.341807,10.386687
Mikania_native,-85.13972,10.41944
Mikania_native,-84.03,10.43
Mikania_native,-84.758083,10.454694
Mikania_native,-66.48,10.5
Mikania_native,-83.5,10.51
Mikania_native,-83.666668,10.666667
Mikania_native,-85.25,10.73
Mikania_native,-74.021978,10.825287
Mikania_native,-83.766667,10.85
Mikania_native,-85.4,10.88
Mikania_native,-85.270988,10.924407
Mikania_native,-73.97,10.93
Mikania_native,-74.061167,10.988028
Mikania_native,-85.42,11
Mikania_native,-74.930905,11.008889
Mikania_native,-84.891667,11.016667
Mikania_native,-85.52,11.03
Mikania_native,-84.41666,11.05
Mikania_native,-73.91666,11.06666
Mikania_native,-84.25,11.08333
Mikania_native,-83.866667,11.116667
Mikania_native,-84.35111,11.12083
Mikania_native,-84.75,11.15
Mikania_native,-84.425,11.16805
Mikania_native,-85.616667,11.516667
Mikania_native,-83.8,11.53333
Mikania_native,-84.00833,11.575
Mikania_native,-83.66111,11.59583
Mikania_native,-84.4,11.66666
Mikania_native,-85.81666,11.74166
Mikania_native,-85.98333,11.75
Mikania_native,-84.4,11.76666
Mikania_native,-86.483333,11.866667
Mikania_native,-85.916667,11.9
Mikania_native,-86.11666,11.95
Mikania_native,-83.76666,11.98333
Mikania_native,-86.3,11.983333
Mikania_native,-84.7,12
Mikania_native,-86.52,12.03
Mikania_native,-83.74583,12.075
Mikania_native,-85.8875,12.10833
Mikania_native,-85.46666,12.11666
Mikania_native,-86.26666,12.15
Mikania_native,-84.28333,12.15
Mikania_native,-61.6618,12.1655
Mikania_native,-86.11666,12.16666
Mikania_native,-83.74166,12.225
Mikania_native,-85.08333,12.26666
Mikania_native,-83.68333,12.33333
Mikania_native,-86.58333,12.41666
Mikania_native,-85.71666,12.61666
Mikania_native,-87.15,12.616667
Mikania_native,-86.96861,12.69666
Mikania_native,-85.78333,12.8
Mikania_native,-85.042,12.875
Mikania_native,-85.428583,12.878861
Mikania_native,-85.91666,12.88333
Mikania_native,-83.6,12.9
Mikania_native,-85.26666,12.91666
Mikania_native,-86.32,12.93
Mikania_native,-85.933333,12.983333
Mikania_native,-87.5,13
Mikania_native,-86.48333,13.01666
Mikania_native,-86.28333,13.01666
Mikania_native,-85.81666,13.01666
Mikania_native,-85.891667,13.091667
Mikania_native,-86.45,13.11666
Mikania_native,-85.73333,13.13333
Mikania_native,-86.3,13.21666
Mikania_native,-85.61666,13.21666
Mikania_native,-87.833333,13.266667
Mikania_native,-88.07,13.28
Mikania_native,-85.68333,13.28333
Mikania_native,-85.4,13.28333
Mikania_native,-86.261667,13.385278
Mikania_native,-86.56666,13.45
Mikania_native,-88.876944,13.494444
Mikania_native,-85.71666,13.5
Mikania_native,-85.61666,13.51666
Mikania_native,-85.054167,13.629167
Mikania_native,-84.8,13.633333
Mikania_native,-84.4,13.65
Mikania_native,-89.25,13.66666
Mikania_native,-86.48333,13.66666
Mikania_native,-86.28333,13.66666
Mikania_native,-84.53333,13.66666
Mikania_native,-89.65,13.68333
Mikania_native,-84.93333,13.68333
Mikania_native,-85.76666,13.71666
Mikania_native,-86.05,13.73333
Mikania_native,-84.76666,13.73333
Mikania_native,-86.37325,13.738806
Mikania_native,-85.05833,13.74166
Mikania_native,-89.35,13.78333
Mikania_native,-90.06667,13.8
Mikania_native,-89.98333,13.81666
Mikania_native,-89.9,13.81667
Mikania_native,-85.981972,13.817639
Mikania_native,-88.83333,13.85
Mikania_native,-88.08333,13.91666
Mikania_native,-89.86166,13.9475
Mikania_native,-84.466667,13.966667
Mikania_native,-84.258333,13.966667
Mikania_native,-84.58333,14.01666
Mikania_native,-87.075278,14.025278
Mikania_native,-83.38333,14.02777
Mikania_native,-87.20916,14.03083
Mikania_native,-84.08333,14.06666
Mikania_native,-85.083333,14.066667
Mikania_native,-85.430278,14.1
Mikania_native,-90.27472,14.19
Mikania_native,-85.16666,14.21666
Mikania_native,-85.320833,14.230278
Mikania_native,-87.38833,14.27888
Mikania_native,-84.61666,14.28333
Mikania_native,-83.2125,14.308333
Mikania_native,-85.15,14.316667
Mikania_native,-85.066667,14.333333
Mikania_native,-83.65,14.333333
Mikania_native,-89.418,14.3555
Mikania_native,-91.871667,14.377222
Mikania_native,-85.148611,14.474722
Mikania_native,-86.66777,14.5525
Mikania_native,-89.355278,14.561111
Mikania_native,-88.883333,14.65
Mikania_native,-84.1,14.73333
Mikania_native,-86,14.75
Mikania_native,-87.645833,14.765278
Mikania_native,-92.506667,14.796667
Mikania_native,-86.619143,14.819222
Mikania_native,-88.0167,14.875
Mikania_native,-86.07944,14.91361
Mikania_native,-92.275,14.925
Mikania_native,-87.365,14.94
Mikania_native,-92.158333,14.991667
Mikania_native,-84.266667,15.033333
Mikania_native,-84.83333,15.05
Mikania_native,-89.355833,15.115
Mikania_native,-89.189167,15.233056
Mikania_native,-85.416667,15.25
Mikania_native,-61.37,15.2583
Mikania_native,-89.0875,15.26527
Mikania_native,-61.28,15.35
Mikania_native,-61.35,15.4
Mikania_native,-92.61655648,15.41738824
Mikania_native,-61.43,15.45
Mikania_native,-92.89108,15.45422
Mikania_native,-89.46527,15.47555
Mikania_native,-92.586667,15.704444
Mikania_native,-92.338889,15.728056
Mikania_native,-95.970278,15.817778
Mikania_native,-91.191111,15.9025
Mikania_native,-85.93777,15.91888
Mikania_native,-93.81,15.933328
Mikania_native,-96.025555,15.946111
Mikania_native,-93.476389,15.996667
Mikania_native,-90.927778,16.077778
Mikania_native,-91.641731,16.0883
Mikania_native,-88.95,16.1
Mikania_native,-97.016667,16.15
Mikania_native,-92.361667,16.184722
Mikania_native,-95.91666,16.23333
Mikania_native,-93.9,16.23333
Mikania_native,-95.414444,16.338611
Mikania_native,-90.741667,16.344444
Mikania_native,-89.119444,16.382778
Mikania_native,-93.710556,16.408333
Mikania_native,-92.71327342,16.41049977
Mikania_native,-90.725,16.471667
Mikania_native,-90.55046633,16.47855169
Mikania_native,-93.4775,16.550278
Mikania_native,-94.9513,16.564
Mikania_native,-94.133333,16.65
Mikania_native,-90.81767914,16.663109
Mikania_native,-91.034167,16.677472
Mikania_native,-93.403611,16.709167
Mikania_native,-91.1221275,16.71465875
Mikania_native,-93.1,16.716667
Mikania_native,-92.97716854,16.73098638
Mikania_native,-91.599167,16.796944
Mikania_native,-91.108889,16.804167
Mikania_native,-91.316667,16.816667
Mikania_native,-98.6459,16.8182
Mikania_native,-90,16.8333
Mikania_native,-88.2975,16.85472
Mikania_native,-90.375,16.875
Mikania_native,-96.161667,16.886667
Mikania_native,-94.683333,16.908333
Mikania_native,-91.246667,16.928611
Mikania_native,-95.034606,16.931508
Mikania_native,-91.614444,16.933889
Mikania_native,-88.23,16.97
Mikania_native,-89.69222,16.99194
Mikania_native,-93.500278,17.004722
Mikania_native,-92.73,17.04
Mikania_native,-88.56666,17.05
Mikania_native,-94.420933,17.060653
Mikania_native,-94.633333,17.066667
Mikania_native,-92.18,17.07
Mikania_native,-94.105,17.083333
Mikania_native,-91.17694,17.11722
Mikania_native,-88.68333,17.13333
Mikania_native,-92.322778,17.166944
Mikania_native,-93.603333,17.188333
Mikania_native,-89.61305,17.225
Mikania_native,-92.4333,17.2333
Mikania_native,-94.609722,17.239444
Mikania_native,-101.01,17.294444
Mikania_native,-88.661111,17.313889
Mikania_native,-88.31944,17.33319
Mikania_native,-93.125,17.341667
Mikania_native,-100.228333,17.343333
Mikania_native,-88.55222,17.35055
Mikania_native,-93.829167,17.391667
Mikania_native,-90.433,17.4
Mikania_native,-91.426389,17.470833
Mikania_native,-100.996508,17.50364
Mikania_native,-93.75,17.53
Mikania_native,-92.803056,17.543889
Mikania_native,-88.416667,17.583333
Mikania_native,-91.02512748,17.5972441
Mikania_native,-101.525,17.7
Mikania_native,-91.091667,17.708333
Mikania_native,-92.014167,17.7175
Mikania_native,-96.558328,17.738328
Mikania_native,-91.775,17.741667
Mikania_native,-93.715278,17.752778
Mikania_native,-92.460278,17.7775
Mikania_native,-96.038333,17.78
Mikania_native,-93.398667,17.799611
Mikania_native,-88.313056,17.878333
Mikania_native,-89.17,17.88
Mikania_native,-76.316,17.9
Mikania_native,-96.1706,17.9467
Mikania_native,-76.87386,17.952
Mikania_native,-93.608333,17.975
Mikania_native,-101.6007174,17.97624018
Mikania_native,-93.408889,17.977222
Mikania_native,-94.12,18
Mikania_native,-93,18
Mikania_native,-66.51,18.007
Mikania_native,-89.421111,18.019722
Mikania_native,-77.4,18.035
Mikania_native,-66.240667,18.036667
Mikania_native,-76.786,18.058
Mikania_native,-94.491667,18.058333
Mikania_native,-92.41,18.08
Mikania_native,-71.13,18.08
Mikania_native,-77.503056,18.083056
Mikania_native,-96.133333,18.085
Mikania_native,-94.328889,18.10475
Mikania_native,-76.66583,18.1075
Mikania_native,-92.52,18.11
Mikania_native,-66.07361,18.13166
Mikania_native,-77.383,18.15
Mikania_native,-76.446151,18.176983
Mikania_native,-66.987284,18.177986
Mikania_native,-92.68,18.18
Mikania_native,-96.408269,18.229906
Mikania_native,-92.84,18.24
Mikania_native,-70.18,18.25
Mikania_native,-94.858333,18.258333
Mikania_native,-78.347242,18.268306
Mikania_native,-92.61,18.27
Mikania_native,-96.21666,18.28333
Mikania_native,-93.876389,18.285833
Mikania_native,-66.6367,18.3083
Mikania_native,-94.764364,18.326135
Mikania_native,-66.7158,18.3364
Mikania_native,-93.354167,18.351389
Mikania_native,-92.600083,18.36575
Mikania_native,-91.75,18.366389
Mikania_native,-93,18.375556
Mikania_native,-94.939444,18.3875
Mikania_native,-66.4258,18.3886
Mikania_native,-92.096667,18.394444
Mikania_native,-78.132357,18.397479
Mikania_native,-68.6167,18.4
Mikania_native,-70.03317,18.41538
Mikania_native,-91.83333,18.41666
Mikania_native,-68.9,18.43
Mikania_native,-95.071922,18.437367
Mikania_native,-90.083333,18.45
Mikania_native,-92.683333,18.4875
Mikania_native,-89.262222,18.488611
Mikania_native,-69.83,18.52
Mikania_native,-92.116111,18.525
Mikania_native,-90.644444,18.538889
Mikania_native,-90.475,18.541667
Mikania_native,-95.06247923,18.54323253
Mikania_native,-70.62,18.57
Mikania_native,-72.284462,18.578699
Mikania_native,-92.343889,18.590278
Mikania_native,-88.425,18.591667
Mikania_native,-95.750455,18.593192
Mikania_native,-70.22,18.6
Mikania_native,-90.725,18.608333
Mikania_native,-69.97,18.65
Mikania_native,-72.15,18.6583
Mikania_native,-96.675,18.675
Mikania_native,-96.018608,18.691108
Mikania_native,-70.18,18.7417
Mikania_native,-96.996389,18.870833
Mikania_native,-96.897219,18.873889
Mikania_native,-69.633333,18.883333
Mikania_native,-70.18,18.92
Mikania_native,-69.01666,18.96666
Mikania_native,-104.192,19.001739
Mikania_native,-70.516667,19.016667
Mikania_native,-102.051667,19.029167
Mikania_native,-70.75,19.07
Mikania_native,-102.22,19.146667
Mikania_native,-89.325556,19.169722
Mikania_native,-96.78333,19.18333
Mikania_native,-96.691667,19.225
Mikania_native,-96.358333,19.225
Mikania_native,-69.61151,19.230699
Mikania_native,-96.52,19.28
Mikania_native,-96.359444,19.344444
Mikania_native,-96.794444,19.361111
Mikania_native,-88.937972,19.362
Mikania_native,-96.650833,19.400556
Mikania_native,-103.716667,19.45
Mikania_native,-96.75754739,19.4609046
Mikania_native,-72.361634,19.514531
Mikania_native,-72.45,19.53333
Mikania_native,-70.5628,19.56748
Mikania_native,-96.388147,19.580297
Mikania_native,-70.97,19.67
Mikania_native,-70.75,19.75
Mikania_native,-97.458333,19.891667
Mikania_native,-97.221111,19.925278
Mikania_native,-97.303333,20
Mikania_native,-97.4485,20.0005
Mikania_native,-96.683333,20.05
Mikania_native,-97.558333,20.075
Mikania_native,-76.7833,20.2667
Mikania_native,-75.037216,20.339321
Mikania_native,-74.565833,20.355629
Mikania_native,-98.20688193,20.38066579
Mikania_native,-98.3481,20.4311
Mikania_native,-90.345833,20.530556
Mikania_native,-97.308333,20.558333
Mikania_native,-105.2315039,20.63208338
Mikania_native,-87.631389,20.645833
Mikania_native,-98.737781,20.790831
Mikania_native,-90.3,20.85
Mikania_native,-97.342167,20.945667
Mikania_native,-97.470322,20.957506
Mikania_native,-104.935,21.271389
Mikania_native,-97.411955,21.361389
Mikania_native,-99.00569648,21.37431533
Mikania_native,-77.520603,21.455172
Mikania_native,-87.14211573,21.47034991
Mikania_native,-98.97,21.4817
Mikania_native,-105.28528,21.53944
Mikania_native,-82.800101,21.870134
Mikania_native,-99.995244,21.904365
Mikania_native,-105.4739,21.905
Mikania_native,-79.65613,21.970487
Mikania_native,-98.10820743,22.03650884
Mikania_native,-84.16503,22.045334
Mikania_native,-97.916083,22.222419
Mikania_native,-80.609308,22.274527
Mikania_native,-79.843,22.4031
Mikania_native,-83.84588,22.40733
Mikania_native,-79.501253,22.51751
Mikania_native,-80.33343,22.61117
Mikania_native,-79.875,22.663889
Mikania_native,-82.467,22.7047
Mikania_native,-82.287941,22.71827
Mikania_native,-83,22.83333
Mikania_native,-98.073611,22.919439
Mikania_native,-102,23
Mikania_native,-81.209498,23.032866
Mikania_native,-99.020833,23.306944
Mikania_native,-99.733333,23.966667
Mikania_native,-98.376111,24.052194
Mikania_native,-98.871389,24.087667
Mikania_native,-108.766667,26.083333
